{
"origin_0": [[75.5, 133.7, 0.2], [0, 0, 0]],
"origin_1": [[75.50177001953125, 133.69998168945312, 0.27561082392930986], [3.3496755349915475e-05, 0, 0]],
"origin_2": [[75.5, 133.7, 0.2], [0, 0, 0]],
"origin_3": [[115.11090850830078, 130.1027069091797, 0.5185311257839202], [0.1539161205291748, 0, 0]],
"origin_4": [[75.5, 133.7, 0.2], [0, 0, 0]],
"origin_5": [[75.5, 133.7, 0.2], [0, 0, 0]],
"#####Town03": [[75.5, 133.7, 0.2], [0, 0, 0]],
"Town03": [[245.1, 25.3, 0.2], [1.54, 0, 0]],
"###Town03": [[169.6, -208, 0.2], [3.07, 0, 0]],
"##Town03": [[70.5, 133.7, 0.5], [0, 0, 0]],
"#Town03": [[-11.4, 29.3, 0.5], [-1.43, 0, 0]],
"#Town04": [[318.3, 13.7, 1.2], [3.12, 0, 0]],
"Town04": [[43, 9.7, 11.2], [3.13, 0, 0]],
"Town05": [[0, 0, 0.5], [0, 0, 0]],
"#npc_points": [[201.3, -274, 0, -1.58], [201.1, -250, 0, -1.58], [243.5, -245.2, 0, 0], [250.2, -46.5, 0, 1.62], [246.3, -28.8, 0.2, 1.61], [242.4, -9.2, 0.2, 1.58], [278.8, 19.9, 2.5, -3.14], [239.2, 15.9, 4.8, -3.11], [194.6, 11.3, 7.4, -3.11], [136.1, 7.4, 9.9, 3.11], [210.3, 8.4, 6.5, 3.03], [-8.7, 16.3, 10.9, -3.14], [48.8, 9.5, 11, -3.14]],
"#npc_points_rel": [[0, 10, 2, 0], [0, 40, 2, 0], [5, 20, 2, 0], [5, 20, 2, 0], [8, 20, 2, 0], [8, -20, 2, 0]],
"npc_points_rel": [[0, 30, 1, 0], [0, 10, 1, 0], [-2, -20, 1, 0], [-2, 50, 1, 0], [-3, 80, 1, 0], [0, 80, 1, 0], [3, 40, 1, 0]],
"barrel_points_rel": [[0, 20, 0, 0], [0, 40, 0, 0], [3, 20, 0, 0], [3, 40, 0, 0], [5, 20, 0, 0], [5, 40, 0, 0], [8, 20, 0, 0], [8, 50, 0, 0]]

}